{"discriminator_lr":3.2000000000000007e-06,"d_loss":1.378570556640625,"d_val_loss":1.3756431490182877,"d_val_real_loss":0.6694840341806412,"generator_lr":8.000000000000001e-06,"_timestamp":1.7429221969471116e+09,"g_val_loss":0.6823228672146797,"_wandb":{"runtime":45},"_step":49,"_runtime":45.4062512,"epoch":49,"d_val_fake_loss":0.7061590999364853,"g_loss":0.6956375458023765}