{"_runtime":355.9202253,"_step":299,"_wandb":{"runtime":355},"learning_rate":0.0001,"train_loss":12.332722241888188,"val_loss":12.402634010968496,"epoch":299,"_timestamp":1.7416396380555198e+09}