{"_timestamp":1.741535079285343e+09,"_wandb":{"runtime":102},"_runtime":102.3578892,"_step":69,"learning_rate":0.003125,"train_loss":12.183144663602961,"val_loss":13.580254860027509,"epoch":69}