{"_runtime":38.7466413,"_wandb":{"runtime":38},"_step":199,"learning_rate":0.014000000000000002,"train_loss":10.554015218539446,"val_loss":7.8189726985178085,"epoch":199,"_timestamp":1.741649652555488e+09}