{"_wandb":{"runtime":143},"learning_rate":0.003125,"train_loss":13.4168666827555,"val_loss":16.40257484704337,"epoch":69,"_timestamp":1.741541484305662e+09,"_runtime":143.1531581,"_step":124}