{"val_loss":10.557431880582874,"epoch":69,"_timestamp":1.7415545040302274e+09,"_runtime":79.6883178,"_step":69,"_wandb":{"runtime":79},"learning_rate":0.0015625,"train_loss":12.246291931868138}