{"epoch":149,"_timestamp":1.7416492738861418e+09,"_runtime":24.1849225,"_step":149,"learning_rate":0.0001,"train_loss":12.240570440021354,"_wandb":{"runtime":24},"val_loss":9.387567793602766}