{"_timestamp":1.7416500155802834e+09,"_runtime":38.7739727,"_step":199,"learning_rate":0.0001,"train_loss":10.46355117157767,"_wandb":{"runtime":38},"val_loss":6.82544710315811,"epoch":199}