{"val_loss":8.774524418431708,"epoch":69,"_timestamp":1.7398658288885787e+09,"_runtime":167.6712254,"_step":69,"learning_rate":0.000390625,"train_loss":9.057407776921051,"_wandb":{"runtime":167}}