{"d_val_fake_loss":0.7185198664665222,"g_loss":0.6747868172824383,"epoch":99,"generator_lr":1.2800000000000007e-08,"discriminator_lr":5.120000000000003e-09,"g_val_loss":0.6703823953866959,"_runtime":75.0895278,"d_loss":1.4851760864257812,"_step":99,"_timestamp":1.7427480043533354e+09,"d_val_loss":1.4922111630439758,"_wandb":{"runtime":75},"d_val_real_loss":0.7736912816762924}