{"_wandb":{"runtime":78},"train_loss":12.039115805963595,"val_loss":9.006772618341058,"epoch":69,"_timestamp":1.7415547291322029e+09,"_runtime":78.305236,"_step":69,"learning_rate":0.003125}