{"_timestamp":1.7398204505524566e+09,"_wandb":{"runtime":3},"_runtime":3.4666249000000002,"_step":49,"learning_rate":0.00625,"train_loss":4.218130569884231,"val_loss":3.130138651529948,"epoch":49}