{"_wandb":{"runtime":3},"learning_rate":0.003125,"train_loss":4.164703901919573,"val_loss":3.4206209818522137,"epoch":49,"_timestamp":1.7398325469644506e+09,"_runtime":3.4756214,"_step":49}