{"val_loss":3.0797637939453124,"epoch":69,"_timestamp":1.739832574517162e+09,"_runtime":4.7352749,"_step":69,"learning_rate":0.000390625,"_wandb":{"runtime":4},"train_loss":4.295461132539717}