{"g_loss":0.9678926178903291,"d_val_real_loss":0.5110209211707115,"d_val_loss":1.0024681463837624,"_timestamp":1.742750041258215e+09,"epoch":49,"_step":49,"g_val_loss":0.961875893175602,"discriminator_lr":3.2000000000000007e-06,"d_val_fake_loss":0.49144721776247025,"d_loss":0.9942744663267424,"generator_lr":8.000000000000001e-06,"_wandb":{"runtime":51},"_runtime":51.5675113}