{"epoch":149,"_timestamp":1.74164949081277e+09,"_wandb":{"runtime":29},"_runtime":29.1809643,"_step":149,"learning_rate":0.00040000000000000013,"train_loss":9.879638547987673,"val_loss":9.94489961835691}