{"epoch":149,"_timestamp":1.741640113077482e+09,"_runtime":177.6069058,"_step":149,"_wandb":{"runtime":177},"learning_rate":0.0001,"train_loss":49.412527123065374,"val_loss":45.667969245325885}