{"val_loss":14.967731692535153,"epoch":99,"_timestamp":1.7415412537553651e+09,"_runtime":123.1819324,"_step":102,"_wandb":{"runtime":123},"learning_rate":6.103515625e-06,"train_loss":13.758947418033943}