{"train_loss":4.225019444300476,"val_loss":3.0831142001681857,"epoch":69,"_timestamp":1.739832889644092e+09,"_wandb":{"runtime":4},"_runtime":4.6284988,"_step":69,"learning_rate":0.00078125}