{"train_loss":4.2543191749956355,"val_loss":3.0150091383192272,"epoch":49,"_timestamp":1.73982045576202e+09,"_runtime":3.3685882,"_step":49,"_wandb":{"runtime":3},"learning_rate":0.003125}