{"_timestamp":1.7416493603062444e+09,"_runtime":43.2031382,"_step":149,"learning_rate":0.0001,"train_loss":NaN,"val_loss":NaN,"_wandb":{"runtime":43},"epoch":149}