{"val_loss":5.315117730034722,"epoch":49,"_timestamp":1.7398196308306732e+09,"_runtime":3.4323906,"_step":49,"learning_rate":0.003125,"train_loss":3.691840464842386,"_wandb":{"runtime":3}}