{"learning_rate":0.0028000000000000004,"train_loss":7.660484124692539,"val_loss":11.641503928264484,"epoch":199,"_wandb":{"runtime":38},"_timestamp":1.7416498569475694e+09,"_runtime":38.9658389,"_step":199}