{"train_loss":11.507420833658193,"val_loss":15.402245496607128,"epoch":69,"_wandb":{"runtime":67},"_timestamp":1.7415425684547644e+09,"_runtime":67.5219066,"_step":69,"learning_rate":0.0015625}