{"val_loss":9.791528507435611,"epoch":199,"_timestamp":1.7415613229307165e+09,"_runtime":237.5791969,"_wandb":{"runtime":237},"_step":199,"learning_rate":0.0001,"train_loss":13.180041439209536}