{"_wandb":{"runtime":76},"_timestamp":1.741544224756521e+09,"_runtime":76.8540203,"_step":69,"learning_rate":0.000390625,"train_loss":12.342396833792321,"val_loss":12.428361223666274,"epoch":69}