{"_wandb":{"runtime":4},"_timestamp":1.739832591163585e+09,"_runtime":4.5286981,"_step":69,"learning_rate":0.000390625,"train_loss":3.8182482160003492,"val_loss":4.898736911349826,"epoch":69}