{"learning_rate":0.003125,"_wandb":{"runtime":80},"train_loss":12.85035810182371,"val_loss":10.48108219734928,"epoch":69,"_timestamp":1.7415440502133286e+09,"_runtime":80.2844014,"_step":83}