{"train_loss":11.18671496730696,"val_loss":11.479644486450525,"epoch":69,"_timestamp":1.7415574659184446e+09,"_runtime":66.756216,"_wandb":{"runtime":66},"_step":69,"learning_rate":0.00625}