{"_step":69,"learning_rate":0.0001953125,"train_loss":14.659759765817714,"val_loss":11.371890756866758,"_wandb":{"runtime":99},"epoch":69,"_timestamp":1.741543894396451e+09,"_runtime":99.0689033}