{"_runtime":3.4138329,"_step":49,"learning_rate":0.025,"train_loss":4.101474932452154,"val_loss":3.7743633694118923,"epoch":49,"_timestamp":1.7398198239657805e+09,"_wandb":{"runtime":3}}