{"learning_rate":4.8828125e-05,"train_loss":22.42408180494915,"_wandb":{"runtime":138},"val_loss":21.790711247243788,"epoch":69,"_timestamp":1.7415549654847307e+09,"_runtime":138.3286687,"_step":121}