{"train_loss":12.080202163744467,"val_loss":11.833274573007072,"epoch":199,"_timestamp":1.7416497727077098e+09,"_runtime":39.2080912,"_step":199,"learning_rate":0.0001,"_wandb":{"runtime":39}}