{"val_loss":14.819778676286703,"_wandb":{"runtime":158},"epoch":99,"_timestamp":1.7415406076169536e+09,"_runtime":158.0396499,"_step":99,"learning_rate":1.220703125e-05,"train_loss":13.79553441867992}