{"_timestamp":1.7429279903145828e+09,"_runtime":45.9491973,"_step":49,"epoch":49,"_wandb":{"runtime":45},"g_loss":0.6882641965692694,"d_loss":1.4158519181338223,"d_val_real_loss":0.6641365066170692,"d_val_fake_loss":0.7515416368842125,"generator_lr":8.000000000000001e-06,"g_val_loss":0.6445411667227745,"d_val_loss":1.4156781435012817,"discriminator_lr":3.2000000000000007e-06}