{"learning_rate":0.0020000000000000005,"train_loss":10.648282902381633,"val_loss":7.043071117349527,"epoch":149,"_wandb":{"runtime":43},"_timestamp":1.7416494146018693e+09,"_runtime":43.6342363,"_step":149}