{"_timestamp":1.7415423715305562e+09,"_runtime":103.3746657,"_step":93,"learning_rate":0.0125,"train_loss":13.099003280343695,"val_loss":10.51063466050584,"_wandb":{"runtime":103},"epoch":69}