{"_step":69,"_wandb":{"runtime":66},"learning_rate":0.00078125,"train_loss":12.355671185333017,"val_loss":12.403738628968771,"epoch":69,"_timestamp":1.7415579837966006e+09,"_runtime":66.3272807}