{"_runtime":3.5427688,"_step":49,"learning_rate":0.003125,"train_loss":4.353799617490289,"val_loss":2.7905574798583985,"epoch":49,"_timestamp":1.7398200530512471e+09,"_wandb":{"runtime":3}}